District,Total Adult Population,White (Alone),Hispanic or Latino,Black,Asian,Native American,Pacific Islander
AK-AL,"554,003","340,580","33,441","23,665","43,407","105,737","11,184"
AL-01,"557,535","367,960","18,014","142,777","10,292","17,316",670
AL-02,"557,677","345,900","19,933","167,971","12,736","11,706",834
AL-03,"564,281","382,226","17,334","141,011","11,793","11,895",729
AL-04,"556,133","458,324","31,463","42,819","4,571","19,581",506
AL-05,"561,187","397,809","29,646","101,339","14,172","18,333",996
AL-06,"552,286","393,028","29,711","104,551","12,615","11,937",579
AL-07,"568,067","219,297","20,755","313,904","8,730","7,346",576
AR-01,"579,039","438,676","18,103","97,812","5,576","16,066","1,079"
AR-02,"582,706","402,756","30,008","118,487","13,270","17,665",677
AR-03,"566,367","405,651","78,667","20,163","23,673","31,822","7,661"
AR-04,"584,161","406,689","35,224","115,416","6,220","19,359",876
AZ-01,"650,548","479,118","90,167","26,116","35,636","19,976","1,850"
AZ-02,"628,519","377,323","92,007","17,206","12,333","130,920","2,134"
AZ-03,"568,035","135,143","330,596","67,446","21,438","29,136","2,605"
AZ-04,"628,965","373,705","145,556","41,594","45,759","27,295","3,757"
AZ-05,"584,092","411,245","89,803","26,563","42,047","14,972","3,028"
AZ-06,"642,434","432,642","136,923","27,963","27,698","20,616","3,508"
AZ-07,"601,175","197,763","333,554","29,754","18,143","35,015","2,162"
AZ-08,"628,985","431,740","113,766","33,748","33,420","18,558","2,272"
AZ-09,"609,223","379,415","157,245","31,786","21,156","22,742","3,165"
CA-01,"592,603","387,123","115,742","15,965","39,916","35,585","3,893"
CA-02,"614,494","420,290","110,048","15,735","36,448","33,169","3,672"
CA-03,"603,885","436,701","74,828","14,325","53,685","21,894","3,899"
CA-04,"611,312","338,179","168,374","24,962","61,291","24,417","5,141"
CA-05,"599,484","377,863","133,798","18,592","45,747","26,338","5,449"
CA-06,"577,524","295,331","117,424","64,045","84,712","22,178","8,749"
CA-07,"582,846","204,018","140,253","72,402","151,752","20,345","13,839"
CA-08,"588,571","158,532","185,553","104,392","131,671","21,090","9,185"
CA-09,"561,822","183,363","211,242","50,490","108,990","21,367","7,080"
CA-10,"585,695","300,385","97,536","34,008","143,652","13,368","5,305"
CA-11,"664,995","296,850","87,723","43,691","227,568","12,865","4,609"
CA-12,"621,080","218,543","131,521","111,824","152,734","19,039","5,745"
CA-13,"544,744","140,851","330,757","21,852","42,536","27,199","4,066"
CA-14,"592,734","166,904","134,915","38,914","241,806","15,190","11,206"
CA-15,"609,967","184,078","150,342","22,421","241,550","13,137","10,719"
CA-16,"600,512","277,950","104,250","16,618","192,488","12,121","4,335"
CA-17,"603,500","137,880","90,956","16,225","353,112","9,725","4,758"
CA-18,"570,234","121,456","346,468","17,122","81,490","28,045","4,005"
CA-19,"609,585","315,206","133,987","19,782","127,560","18,784","5,082"
CA-20,"569,445","304,044","171,557","25,129","51,274","25,372","2,892"
CA-21,"531,422","112,409","322,669","30,845","59,860","22,888","1,987"
CA-22,"543,049","101,709","376,448","31,488","27,527","21,921","1,958"
CA-23,"570,766","251,946","213,195","57,279","35,653","24,662","4,367"
CA-24,"612,075","331,525","207,468","15,700","44,985","23,309","2,923"
CA-25,"572,587","162,763","345,745","32,349","23,960","24,548","2,402"
CA-26,"587,257","271,460","229,449","15,872","62,277","19,978","3,028"
CA-27,"572,464","213,192","224,434","64,775","64,664","19,605","2,818"
CA-28,"619,390","179,249","152,706","29,460","256,185","13,979","2,424"
CA-29,"593,418","139,831","362,530","31,131","58,135","22,004","1,861"
CA-30,"649,795","371,101","142,620","31,723","97,836","13,607","2,249"
CA-31,"596,625","99,859","342,496","19,758","133,988","21,918","2,145"
CA-32,"620,064","339,654","145,586","34,997","93,339","12,622","2,415"
CA-33,"553,468","111,004","324,616","66,067","49,286","21,453","3,236"
CA-34,"610,534","75,535","376,198","34,589","124,324","26,973","1,978"
CA-35,"575,415","97,719","352,257","44,010","79,996","22,247","3,041"
CA-36,"634,602","365,202","98,080","30,729","130,379","11,578","3,485"
CA-37,"592,275","86,465","298,131","156,977","50,445","22,198","1,895"
CA-38,"600,686","90,633","350,026","16,159","142,759","21,441","2,818"
CA-39,"560,688","125,403","328,249","58,471","44,296","21,705","3,777"
CA-40,"602,203","310,748","137,083","15,176","130,743","13,100","3,327"
CA-41,"593,176","286,078","203,050","36,609","57,672","19,066","4,189"
CA-42,"586,430","121,254","358,174","46,534","57,515","23,249","3,908"
CA-43,"569,643","45,349","307,997","155,908","60,171","19,946","4,233"
CA-44,"585,395","84,314","339,063","74,822","83,345","22,821","7,977"
CA-45,"603,905","166,075","164,636","17,509","250,168","13,419","4,801"
CA-46,"579,793","99,973","354,631","15,572","105,968","25,618","3,821"
CA-47,"616,104","326,774","98,544","14,966","165,793","11,073","3,682"
CA-48,"582,232","332,290","152,630","25,522","55,840","22,619","5,187"
CA-49,"599,978","365,829","146,920","19,910","54,409","16,794","5,662"
CA-50,"619,990","358,758","121,370","24,736","104,040","12,961","4,074"
CA-51,"606,885","294,681","137,187","45,225","120,846","15,340","6,648"
CA-52,"579,759","88,568","331,832","54,670","106,337","18,913","6,183"
CO-01,"586,410","344,786","143,369","56,656","30,722","19,566","2,094"
CO-02,"585,162","460,289","71,618","9,482","27,833","13,527","1,473"
CO-03,"568,559","398,631","129,506","8,454","8,141","27,593","1,465"
CO-04,"543,496","426,412","64,267","13,378","24,379","14,500","1,569"
CO-05,"551,904","381,336","85,324","42,273","27,175","19,232","4,209"
CO-06,"553,634","331,034","107,508","63,003","40,606","16,756","2,651"
CO-07,"584,413","452,432","77,677","11,945","23,725","18,627","1,353"
CO-08,"535,998","300,744","184,927","13,910","23,257","21,423","1,536"
CT-01,"575,609","350,479","89,239","97,385","35,899","8,694",837
CT-02,"585,785","471,982","45,353","30,179","25,661","12,088","1,084"
CT-03,"583,771","377,621","83,523","87,230","31,046","8,569",793
CT-04,"555,195","330,507","110,251","74,375","34,170","6,812",728
CT-05,"568,867","383,204","102,329","50,031","23,948","8,534",852
DE-AL,"783,543","489,226","67,906","178,357","37,878","15,627","1,057"
FL-01,"605,557","436,951","40,502","81,991","25,681","19,277","2,297"
FL-02,"619,356","405,585","39,777","143,006","17,234","14,504","1,142"
FL-03,"624,295","422,810","66,407","99,159","24,257","12,159",994
FL-04,"590,934","326,940","46,192","187,108","21,169","12,759","1,609"
FL-05,"606,741","409,497","65,881","77,684","42,703","11,078","1,659"
FL-06,"634,516","474,364","62,028","71,174","13,068","13,076","1,020"
FL-07,"616,306","398,072","116,922","64,914","29,100","12,048","1,210"
FL-08,"633,719","474,699","63,693","61,355","20,137","12,774","1,350"
FL-09,"593,636","191,983","297,032","77,314","30,863","11,244","1,854"
FL-10,"610,303","235,180","174,711","158,531","37,190","10,652","1,743"
FL-11,"618,709","391,486","105,760","78,945","28,509","10,928","1,177"
FL-12,"626,932","490,923","73,465","33,192","15,710","13,365",974
FL-13,"650,487","502,137","62,165","46,089","26,682","11,749","1,224"
FL-14,"620,281","306,560","161,068","118,641","31,047","10,096","1,145"
FL-15,"599,800","329,426","136,420","92,389","36,096","12,350","1,230"
FL-16,"607,353","391,827","113,409","72,738","21,880","11,255","1,112"
FL-17,"654,821","517,830","75,570","36,414","13,046","9,842",711
FL-18,"603,562","360,926","142,922","79,749","12,080","12,835",985
FL-19,"650,465","481,820","105,527","39,481","14,409","8,269",761
FL-20,"595,408","140,153","136,811","298,383","20,078","7,063","1,234"
FL-21,"629,736","428,764","95,351","78,571","17,612","9,782","1,026"
FL-22,"625,981","346,268","154,325","99,406","20,956","9,491",961
FL-23,"632,647","369,529","129,741","83,294","28,005","6,722",951
FL-24,"611,792","111,522","235,273","258,005","13,572","5,601",792
FL-25,"607,264","208,608","256,630","106,416","36,550","7,642","1,079"
FL-26,"623,498","122,723","456,512","43,160","9,479","5,428",468
FL-27,"636,002","107,346","471,763","44,946","16,646","5,443",583
FL-28,"609,131","92,771","446,828","62,852","13,602","6,988",582
GA-01,"589,266","355,947","39,938","166,025","17,615","11,791","1,718"
GA-02,"587,555","251,047","30,074","289,612","11,125","9,075","1,286"
GA-03,"586,319","391,849","31,274","136,708","14,933","12,255",694
GA-04,"589,470","166,544","59,670","321,379","39,718","10,031",793
GA-05,"621,515","235,652","41,432","308,271","33,476","8,361",866
GA-06,"574,797","382,971","52,353","56,969","70,556","10,188",731
GA-07,"566,934","185,838","120,604","169,071","89,868","11,762",909
GA-08,"585,857","354,572","35,732","175,967","11,877","9,554",841
GA-09,"592,520","404,611","76,361","61,747","38,220","13,976",649
GA-10,"588,874","389,823","38,336","133,097","16,567","11,556",731
GA-11,"595,191","380,895","66,799","106,805","26,906","13,695",783
GA-12,"588,119","321,394","28,628","215,958","15,023","9,842","1,312"
GA-13,"574,799","108,160","60,470","383,669","22,024","9,831",768
GA-14,"579,058","413,030","61,247","82,708","8,676","15,968",647
HI-01,"585,659","94,213","38,697","18,240","398,963","10,962","104,993"
HI-02,"570,246","181,411","54,410","13,744","247,592","17,167","159,458"
IA-01,"618,402","530,702","28,937","29,258","16,682","9,848",807
IA-02,"617,226","545,476","18,656","29,445","11,217","9,006","1,906"
IA-03,"600,958","493,314","39,637","30,959","25,010","9,498","1,151"
IA-04,"613,517","524,277","46,874","14,474","15,041","10,365","2,764"
ID-01,"692,128","572,254","68,233","6,356","14,311","24,703","2,781"
ID-02,"684,272","549,212","83,467","9,691","18,051","20,822","2,945"
IL-01,"589,021","217,813","46,406","306,380","15,438","8,185",528
IL-02,"580,993","210,713","77,611","280,964","7,783","10,704",615
IL-03,"588,880","251,848","257,871","35,538","43,017","20,324","1,026"
IL-04,"563,323","147,658","356,197","32,793","26,345","27,272",660
IL-05,"618,186","453,104","65,900","20,617","72,694","7,407",730
IL-06,"593,478","442,873","70,055","34,837","38,785","7,954",548
IL-07,"607,675","198,783","84,153","261,207","62,079","8,953",752
IL-08,"586,513","342,671","121,507","27,923","88,874","12,304",759
IL-09,"607,511","374,121","70,826","58,940","97,378","9,307",877
IL-10,"575,610","354,504","122,070","41,054","50,164","12,712",979
IL-11,"574,787","382,643","94,482","37,948","51,448","10,326",612
IL-12,"589,350","518,915","13,972","32,744","8,335","12,005",680
IL-13,"595,719","403,862","25,560","120,909","32,027","12,223",768
IL-14,"564,317","353,681","113,236","57,426","31,975","12,358",543
IL-15,"592,293","538,096","14,321","20,045","6,073","10,541",594
IL-16,"582,046","507,844","30,726","15,473","14,673","10,444",506
IL-17,"589,767","424,419","55,419","83,583","15,101","11,919",772
IN-01,"580,667","367,001","83,050","109,975","10,674","12,242",537
IN-02,"571,029","453,103","52,706","40,851","11,036","12,294",619
IN-03,"563,485","468,328","30,778","37,126","15,490","10,439",620
IN-04,"577,297","481,532","34,013","23,347","24,655","11,043","3,374"
IN-05,"574,610","479,447","21,767","38,139","22,495","10,346",557
IN-06,"570,671","479,310","24,119","25,458","28,890","10,908",707
IN-07,"578,117","291,454","70,431","192,839","15,824","11,668",762
IN-08,"585,235","522,022","14,371","27,167","7,756","10,760",878
IN-09,"591,468","523,453","19,694","20,178","13,399","12,524",637
KS-01,"565,616","439,359","73,822","20,746","14,112","18,188","1,205"
KS-02,"554,813","406,652","59,029","54,674","12,369","22,956","1,679"
KS-03,"556,362","433,217","47,341","30,004","30,016","13,934",823
KS-04,"552,525","404,754","61,394","42,749","22,437","22,819","1,261"
KY-01,"581,614","499,121","17,549","45,739","5,749","11,794",738
KY-02,"573,283","491,040","19,187","35,852","12,979","11,930","1,393"
KY-03,"589,875","387,039","40,407","129,992","22,118","11,076",992
KY-04,"569,659","504,457","19,158","22,964","8,545","11,761",897
KY-05,"585,793","551,365","7,471","11,524","3,115","10,688",324
KY-06,"583,676","472,523","29,303","53,120","16,101","11,651","1,407"
LA-01,"601,559","420,268","65,811","81,105","18,342","17,914",732
LA-02,"600,203","179,129","47,041","352,018","19,606","9,069",665
LA-03,"586,488","392,996","27,487","144,434","11,908","9,868",629
LA-04,"591,095","343,535","24,043","199,907","8,679","15,045","1,026"
LA-05,"597,389","360,144","21,569","196,617","7,734","11,631",581
LA-06,"593,814","386,038","37,711","141,688","16,678","11,378",527
MA-01,"625,152","457,747","98,662","45,708","17,184","10,946","1,072"
MA-02,"626,463","462,756","60,158","40,727","48,770","8,623",755
MA-03,"611,501","393,019","119,115","38,672","52,040","8,601","1,049"
MA-04,"615,677","496,109","31,266","28,391","43,962","5,901",699
MA-05,"631,188","422,500","59,266","39,564","87,296","5,787",727
MA-06,"624,046","496,648","57,360","27,150","32,796","6,595",628
MA-07,"653,761","275,583","126,572","158,657","90,316","9,098","1,292"
MA-08,"637,174","440,369","38,201","78,579","65,087","5,796",798
MA-09,"638,761","544,254","30,908","28,865","10,669","8,589",765
MD-01,"607,726","455,671","27,377","94,079","18,575","11,674",912
MD-02,"606,852","378,642","30,831","147,706","41,572","9,439",678
MD-03,"593,206","359,531","45,052","109,182","70,477","10,871","1,065"
MD-04,"599,171","73,778","131,605","358,207","38,436","14,951","1,069"
MD-05,"597,544","272,785","36,063","256,656","25,284","13,369","1,310"
MD-06,"600,128","381,499","69,774","83,444","56,660","11,796",974
MD-07,"610,826","198,323","43,910","334,297","29,375","11,233",842
MD-08,"599,749","281,131","107,650","109,418","96,180","10,300",999
ME-01,"557,050","507,050","10,166","13,089","11,477","10,033",576
ME-02,"553,035","510,454","7,490","8,871","6,534","14,772",572
MI-01,"633,080","575,217","10,255","8,525","5,386","28,298",678
MI-02,"606,868","541,129","23,154","16,673","5,161","15,972",480
MI-03,"597,448","442,096","52,640","70,012","20,945","12,616",678
MI-04,"593,972","465,772","41,861","53,347","17,493","13,886",642
MI-05,"606,306","525,147","25,025","29,565","7,358","15,067",474
MI-06,"619,426","442,928","26,864","67,116","68,823","11,145",730
MI-07,"611,160","501,351","29,147","41,539","23,008","13,356",722
MI-08,"606,390","462,261","26,926","91,882","9,005","14,019",494
MI-09,"606,770","543,625","19,068","16,550","10,076","12,316",367
MI-10,"620,272","469,713","15,848","81,191","40,047","10,323",529
MI-11,"624,065","442,233","27,866","84,964","56,976","9,546",508
MI-12,"596,111","282,914","17,013","272,419","15,570","9,492",504
MI-13,"592,734","234,410","51,978","277,723","20,592","12,435",697
MN-01,"549,351","470,076","31,285","20,105","17,666","7,832",822
MN-02,"535,271","422,973","34,031","32,860","33,070","9,432",765
MN-03,"549,165","416,013","23,791","49,858","48,773","8,405",638
MN-04,"549,351","372,953","34,272","60,639","70,316","11,373",893
MN-05,"571,885","373,926","48,922","94,621","40,674","16,034",906
MN-06,"528,178","458,504","16,060","22,856","18,453","8,485",596
MN-07,"544,716","493,732","22,080","8,837","5,994","11,372",890
MN-08,"561,116","500,876","8,326","9,010","6,585","31,414",581
MO-01,"609,403","269,712","24,298","276,602","28,909","10,854",674
MO-02,"598,975","515,223","15,934","21,993","30,458","10,994",542
MO-03,"601,259","518,582","16,694","31,568","14,850","14,859",823
MO-04,"589,494","502,063","23,774","29,530","9,692","19,517","1,844"
MO-05,"597,387","369,638","56,750","134,105","18,878","18,759","2,607"
MO-06,"588,295","516,577","18,642","24,667","8,558","15,441","1,582"
MO-07,"594,947","505,834","29,527","15,694","11,381","27,157","2,661"
MO-08,"595,852","526,013","11,554","28,048","6,779","18,170",593
MS-01,"570,086","381,596","17,747","154,218","7,178","8,903",476
MS-02,"571,715","196,358","11,932","355,293","4,341","6,097",352
MS-03,"568,068","350,071","13,512","184,901","8,337","11,501",432
MS-04,"567,730","387,426","25,446","128,668","12,861","12,580",954
MT-01,"432,021","374,714","15,436","3,109","6,308","27,900",952
MT-02,"418,102","352,839","14,472","4,333","5,247","38,234","1,016"
NC-01,"587,954","294,407","34,475","242,428","7,455","12,759",775
NC-02,"573,899","344,999","53,463","104,319","63,761","9,873",868
NC-03,"585,030","394,297","54,635","110,504","12,844","14,433","1,964"
NC-04,"592,756","329,839","64,683","157,891","31,762","12,789",672
NC-05,"595,196","450,465","48,509","74,482","10,675","12,667",714
NC-06,"584,671","319,769","46,512","185,050","25,361","12,383",724
NC-07,"594,014","385,519","37,158","112,934","9,487","50,982","1,206"
NC-08,"569,673","414,027","46,621","82,479","13,481","13,515",586
NC-09,"570,806","336,655","61,245","140,246","15,819","21,872","2,178"
NC-10,"585,700","459,914","36,793","61,577","14,150","13,609",631
NC-11,"609,830","516,278","37,585","24,465","7,885","21,471","1,332"
NC-12,"564,821","247,084","75,014","203,130","34,463","11,544",795
NC-13,"559,753","345,730","62,775","123,379","18,413","12,281",841
NC-14,"580,996","350,650","64,843","120,168","36,849","11,181",725
ND-AL,"596,093","503,153","21,603","21,444","13,192","35,031","1,361"
NE-01,"495,560","401,792","44,433","19,981","18,138","10,566",898
NE-02,"484,492","348,415","51,311","50,868","23,937","11,089",922
NE-03,"496,075","419,048","49,553","7,803","5,269","14,009",807
NH-01,"560,816","499,334","19,760","11,525","16,617","9,099",624
NH-02,"559,864","496,417","20,040","10,247","17,205","10,205",591
NJ-01,"604,707","381,282","76,390","107,906","36,302","9,840",979
NJ-02,"616,758","415,583","91,163","77,944","26,215","12,116","1,032"
NJ-03,"614,191","404,599","60,160","87,116","56,304","8,355",861
NJ-04,"589,130","482,913","53,575","24,859","19,149","6,746",499
NJ-05,"610,580","373,723","91,062","42,867","101,764","6,469",804
NJ-06,"611,210","276,011","134,818","77,733","120,399","8,782",912
NJ-07,"609,441","447,713","65,743","35,818","53,000","6,405",599
NJ-08,"611,790","164,003","299,470","68,409","81,566","13,668","1,364"
NJ-09,"601,128","245,792","234,804","65,585","60,860","11,499",959
NJ-10,"597,968","121,366","120,022","315,201","44,871","8,731","1,171"
NJ-11,"609,524","390,025","92,745","47,561","75,748","6,346",669
NJ-12,"604,883","263,386","116,047","106,823","117,700","8,700",953
NM-01,"564,033","278,556","212,166","20,639","22,125","40,712","1,748"
NM-02,"534,358","177,682","299,999","15,151","9,810","42,357","1,383"
NM-03,"540,598","207,824","214,599","10,632","9,287","105,408","1,073"
NV-01,"599,975","263,524","193,093","70,437","62,414","17,822","8,557"
NV-02,"611,030","408,010","120,841","17,182","36,406","27,546","5,473"
NV-03,"615,841","290,359","115,953","69,428","128,321","14,034","12,016"
NV-04,"586,480","243,758","179,509","105,783","46,185","18,677","8,775"
NY-01,"624,895","464,464","83,977","34,504","36,405","8,221",587
NY-02,"611,926","363,964","152,022","71,156","23,729","11,198",688
NY-03,"621,744","362,345","79,497","28,217","147,038","5,144",781
NY-04,"609,622","322,474","123,665","115,479","47,653","7,764",811
NY-05,"616,662","81,185","120,717","291,168","107,725","17,359","2,961"
NY-06,"635,768","159,068","144,815","33,251","300,377","9,281","1,218"
NY-07,"629,171","232,661","214,713","93,335","97,474","14,997","1,964"
NY-08,"610,827","175,685","96,355","294,524","60,783","8,635","1,283"
NY-09,"600,367","184,052","67,060","292,429","63,706","7,551",985
NY-10,"634,394","315,170","116,969","52,839","150,367","9,839","2,082"
NY-11,"612,426","331,023","100,842","50,170","132,718","8,915",944
NY-12,"682,247","451,233","74,491","44,697","107,918","5,862","1,888"
NY-13,"632,159","106,775","318,682","212,653","42,186","18,398","2,134"
NY-14,"613,783","120,039","302,203","135,884","77,645","19,290","1,751"
NY-15,"586,079","60,645","313,714","238,005","24,429","16,879","2,289"
NY-16,"603,754","251,709","162,225","150,203","45,724","10,712","1,039"
NY-17,"585,295","384,985","107,837","54,741","35,072","7,604",696
NY-18,"605,187","399,740","98,318","75,981","23,256","12,115",823
NY-19,"635,246","521,143","36,339","34,104","27,527","12,810",864
NY-20,"624,229","471,438","33,689","65,160","39,293","11,810","1,013"
NY-21,"621,708","547,742","22,207","20,894","8,860","16,781",857
NY-22,"615,360","487,023","28,704","60,396","26,419","12,155",720
NY-23,"617,991","554,069","19,022","18,780","8,916","13,181",526
NY-24,"618,176","548,508","21,988","23,635","7,039","12,659",692
NY-25,"619,082","437,992","49,058","95,928","30,135","9,203",761
NY-26,"620,037","426,385","36,777","112,591","36,441","10,756",648
OH-01,"607,689","426,780","20,146","119,428","30,316","9,794",882
OH-02,"609,599","563,480","7,306","16,482","4,989","13,866",414
OH-03,"615,714","366,086","32,826","167,620","40,244","10,657",899
OH-04,"600,351","521,413","12,273","33,875","19,006","10,820",583
OH-05,"612,230","526,766","36,852","28,818","7,626","11,163",889
OH-06,"628,719","549,311","16,196","43,669","4,670","12,079",486
OH-07,"623,729","549,219","19,013","22,359","21,081","8,732",514
OH-08,"603,741","467,544","23,849","78,013","21,079","12,012",904
OH-09,"613,653","476,818","36,058","77,478","10,574","12,032",461
OH-10,"616,057","452,896","19,283","110,485","19,231","13,358",956
OH-11,"622,351","277,075","42,831","275,960","22,634","9,260",790
OH-12,"603,837","540,698","9,576","27,168","11,099","12,257",520
OH-13,"621,319","489,034","13,399","82,952","21,244","11,955",522
OH-14,"629,265","552,503","15,888","35,741","9,437","11,152",499
OH-15,"599,308","459,269","30,532","68,936","27,894","12,441",753
OK-01,"597,950","372,186","68,384","61,502","22,946","78,222","1,352"
OK-02,"609,272","398,595","26,431","25,892","6,194","154,864","1,109"
OK-03,"594,875","385,075","100,974","37,103","12,279","63,107","3,082"
OK-04,"605,586","411,298","50,555","55,508","20,758","70,078","2,151"
OK-05,"603,015","396,700","49,277","78,904","25,158","56,921","1,297"
OR-01,"565,011","389,985","71,727","17,100","65,067","18,199","4,655"
OR-02,"558,745","440,143","66,105","6,633","10,567","30,130","3,214"
OR-03,"562,802","382,318","67,601","37,804","52,847","20,395","5,913"
OR-04,"581,229","472,942","42,694","9,405","23,617","26,796","3,447"
OR-05,"557,469","454,237","46,428","8,538","23,974","18,687","3,156"
OR-06,"545,396","386,650","94,839","10,975","27,713","22,524","6,134"
PA-01,"608,853","500,797","30,349","27,591","40,786","6,696",543
PA-02,"592,591","244,883","131,308","155,484","62,737","8,472","1,365"
PA-03,"629,365","222,395","33,629","320,864","51,368","8,588",981
PA-04,"605,135","475,478","29,137","54,378","38,962","6,222",512
PA-05,"594,459","365,957","31,662","146,654","45,182","6,847",686
PA-06,"588,040","427,673","82,272","43,258","30,945","8,698",796
PA-07,"606,167","440,493","98,047","44,286","21,716","8,444",729
PA-08,"615,677","481,366","67,114","47,272","15,070","8,678",753
PA-09,"610,368","545,984","28,370","18,578","7,211","8,339",616
PA-10,"600,698","448,938","47,283","68,934","29,488","8,761",797
PA-11,"591,963","498,270","45,997","26,950","14,813","7,710",563
PA-12,"629,692","477,362","15,269","95,178","32,534","7,609",570
PA-13,"608,305","555,296","17,552","18,063","5,797","8,796",469
PA-14,"624,593","572,257","8,304","24,619","5,495","8,276",500
PA-15,"621,955","564,442","12,831","16,172","15,457","8,613",663
PA-16,"610,144","543,898","12,768","29,501","9,923","8,764",430
PA-17,"615,543","518,521","12,366","51,282","22,206","7,621",492
RI-01,"440,812","299,123","70,297","44,874","19,920","8,011",961
RI-02,"446,782","343,312","55,691","25,492","17,026","8,636",694
SC-01,"570,538","405,889","38,918","99,209","14,413","10,965","1,048"
SC-02,"563,028","360,714","33,556","142,949","15,340","12,326","1,039"
SC-03,"577,297","427,484","27,422","101,520","8,411","11,995",575
SC-04,"565,412","379,099","50,888","107,592","17,341","11,342",780
SC-05,"562,685","374,151","25,482","138,774","12,693","11,840",681
SC-06,"586,760","261,421","31,196","275,133","12,439","9,509","1,030"
SC-07,"588,740","395,217","23,662","149,479","8,195","11,752",693
SD-AL,"669,255","556,081","23,855","14,956","12,406","60,618","1,033"
TN-01,"616,550","552,337","23,185","16,903","6,671","15,172",685
TN-02,"609,503","513,806","26,468","38,404","13,658","15,340",677
TN-03,"607,013","485,954","28,002","63,672","11,359","17,033",692
TN-04,"587,445","461,084","38,964","57,907","13,978","14,896",716
TN-05,"582,505","418,881","51,058","73,823","27,435","11,531",782
TN-06,"603,423","483,180","38,463","56,693","9,376","15,119",757
TN-07,"597,796","429,888","37,116","99,724","16,900","13,766","1,620"
TN-08,"596,851","446,797","17,523","105,903","13,994","11,243",679
TN-09,"583,387","166,369","44,938","351,708","15,019","8,961",637
TX-01,"585,265","371,950","82,669","107,096","8,526","16,548",787
TX-02,"557,917","296,409","151,304","68,462","30,513","15,876","1,645"
TX-03,"559,329","332,029","80,057","56,991","76,459","15,296","1,182"
TX-04,"577,526","363,615","71,788","56,043","68,304","18,424","1,013"
TX-05,"573,597","300,372","148,251","81,400","30,519","18,654",856
TX-06,"572,594","279,352","173,016","83,603","24,448","18,081","1,468"
TX-07,"594,919","179,683","168,560","116,791","127,236","11,783","1,066"
TX-08,"565,897","276,028","167,949","74,409","37,361","17,324","1,019"
TX-09,"565,956","78,651","206,142","218,536","63,617","12,541",895
TX-10,"591,007","351,567","129,974","61,608","36,361","14,435","1,000"
TX-11,"567,819","270,981","200,105","70,145","16,464","16,297","3,748"
TX-12,"580,455","341,653","125,768","69,461","29,723","17,459","1,491"
TX-13,"585,231","363,053","144,154","44,023","17,643","20,339","1,049"
TX-14,"585,292","327,812","130,969","94,668","20,408","14,715",782
TX-15,"551,585","96,801","434,980","8,655","8,062","9,840",402
TX-16,"573,880","74,487","463,686","23,499","12,123","13,935","1,750"
TX-17,"589,524","333,951","131,353","94,305","18,552","15,441","1,105"
TX-18,"576,291","111,891","229,406","198,049","35,620","15,112","1,480"
TX-19,"578,679","310,685","201,052","42,663","13,951","15,494",988
TX-20,"574,548","113,466","392,056","41,320","26,992","17,195","1,907"
TX-21,"604,056","375,418","168,362","26,729","21,467","16,711","1,785"
TX-22,"557,229","252,124","146,574","68,178","82,839","11,298",810
TX-23,"568,074","177,580","340,976","26,217","18,844","13,615","1,564"
TX-24,"581,738","377,683","90,349","44,772","54,234","15,259","2,583"
TX-25,"586,313","364,328","110,135","72,332","24,566","17,935","1,700"
TX-26,"569,880","341,892","97,018","56,050","60,224","17,354","1,190"
TX-27,"585,427","242,429","292,191","29,835","12,872","14,032",999
TX-28,"552,637","106,857","402,711","31,283","8,615","12,040","1,248"
TX-29,"547,845","54,519","396,804","80,103","16,686","16,681",839
TX-30,"577,974","123,551","185,018","242,224","23,959","14,905",895
TX-31,"574,120","361,417","116,544","51,356","31,029","17,261","2,758"
TX-32,"593,970","214,855","193,923","120,350","57,884","16,297","1,070"
TX-33,"555,227","87,980","302,355","113,394","48,580","15,217",960
TX-34,"542,730","51,797","480,322","4,506","5,090","8,023",368
TX-35,"583,808","173,708","299,295","81,035","26,860","18,289","4,110"
TX-36,"578,116","306,182","158,989","74,367","27,369","15,216",849
TX-37,"622,654","344,351","156,490","42,510","69,769","15,971","1,432"
TX-38,"577,591","306,886","136,024","60,873","65,153","14,011","1,042"
UT-01,"584,771","470,465","68,485","10,562","20,609","12,494","4,318"
UT-02,"594,250","436,443","99,237","11,999","22,256","15,999","12,110"
UT-03,"592,597","472,396","65,830","7,430","21,634","18,634","7,843"
UT-04,"552,433","418,696","83,058","9,888","21,782","11,647","10,226"
VA-01,"610,718","446,165","27,183","86,550","38,732","11,265","1,050"
VA-02,"609,706","373,699","38,349","146,054","42,343","13,177","2,227"
VA-03,"613,711","257,534","45,253","278,424","27,101","14,548","2,531"
VA-04,"629,882","284,553","52,022","265,407","21,090","12,300","1,171"
VA-05,"634,064","443,770","22,567","137,809","18,796","10,716",689
VA-06,"622,681","503,600","39,734","53,948","13,352","12,214",758
VA-07,"585,236","316,916","89,659","131,330","39,005","14,988","1,784"
VA-08,"619,604","323,268","114,046","86,661","89,901","11,991","1,449"
VA-09,"640,412","556,950","15,730","41,051","13,826","11,118",582
VA-10,"574,013","320,464","92,067","56,802","97,201","10,787","1,188"
VA-11,"605,027","310,060","77,704","57,167","153,741","8,639","1,331"
VT-AL,"524,482","474,146","11,113","9,038","11,665","12,780",518
WA-01,"593,591","373,545","50,321","20,756","129,050","14,498","4,800"
WA-02,"616,179","447,006","62,192","21,428","55,327","25,320","5,591"
WA-03,"593,925","465,423","52,832","15,005","30,294","23,030","6,898"
WA-04,"557,178","316,389","191,355","8,418","14,419","29,606","2,136"
WA-05,"610,022","494,864","43,070","16,200","22,775","26,457","5,337"
WA-06,"625,068","470,242","46,402","30,269","41,153","30,543","8,983"
WA-07,"652,826","421,072","55,585","39,018","118,537","15,992","5,017"
WA-08,"581,338","423,082","51,406","16,833","65,310","18,705","5,553"
WA-09,"602,935","267,554","74,132","79,981","160,912","16,673","13,229"
WA-10,"591,627","379,327","63,379","53,582","64,111","23,730","16,130"
WI-01,"575,451","450,243","58,924","40,818","13,998","11,123",639
WI-02,"584,519","479,314","33,115","27,220","33,675","9,112",694
WI-03,"580,338","527,806","15,418","9,555","13,943","10,156",629
WI-04,"558,133","262,604","85,665","175,603","28,994","11,897",807
WI-05,"578,845","511,486","27,348","11,254","17,935","7,616",523
WI-06,"582,819","515,953","24,727","14,826","15,052","9,432",551
WI-07,"580,264","530,575","11,269","5,786","9,652","18,781",604
WI-08,"571,931","496,245","27,603","11,251","13,391","21,634",549
WV-01,"715,682","649,695","7,866","34,003","6,488","14,334",489
WV-02,"717,250","643,345","15,617","28,957","9,757","14,713",673
WY-AL,"441,337","370,041","38,153","5,928","6,520","18,433","1,009"